,name,lon,lat
3160,Central Park West & W 76 St,-73.97374737,40.77896784
519,Pershing Square North,-73.977706,40.751873
3171,Amsterdam Ave & W 82 St,-73.97667321,40.78524672
504,1 Ave & E 16 St,-73.98165557,40.73221853
229,Great Jones St,-73.99379025,40.72743423
3630,Frederick Douglass Blvd & W 115 St,-73.9559308,40.8038654
3675,3 Ave & E 95 St,-73.94968539476395,40.784596798848916
285,Broadway & E 14 St,-73.99074142,40.73454567
3394,Columbia St & W 9 St,-74.00647134,40.6769993
432,E 7 St & Avenue A,-73.98379855,40.72621788
379,W 31 St & 7 Ave,-73.9916,40.749156
438,St Marks Pl & 1 Ave,-73.98564945,40.72779126
3452,Bayard St & Leonard St,-73.94885390996933,40.71915571696044
3430,Richardson St & N Henry St,-73.94223690032959,40.71907891179564
507,E 25 St & 2 Ave,-73.97973776,40.73912601
3095,Graham Ave & Herbert St,-73.94500379,40.71929301
3132,E 59 St & Madison Ave,-73.97109243,40.76350532
3165,Central Park West & W 72 St,-73.9762057363987,40.77579376683666
403,E 2 St & 2 Ave,-73.99069656,40.72502876
3159,W 67 St & Broadway,-73.98266566,40.77492513
3231,E 67 St & Park Ave,-73.96592080593109,40.76780080148132
435,W 21 St & 6 Ave,-73.99415556,40.74173969
484,W 44 St & 5 Ave,-73.98014437,40.75500254
3302,Columbus Ave & W 103 St,-73.9643412291,40.7969347
3321,Clinton St & Union St,-73.99785267,40.6831164
3163,Central Park West & W 68 St,-73.97782542,40.7734066
394,E 9 St & Avenue C,-73.97768752,40.72521311
3170,W 84 St & Columbus Ave,-73.97283406,40.78499979
3656,E 2 St & Avenue A,-73.98583620786667,40.72307749068673
3304,6 Ave & 9 St,-73.98377641,40.668127
3574,Prospect Pl & Underhill Ave,-73.96579,40.6769694
534,Water - Whitehall Plaza,-74.0127234,40.70255065
3367,5 Ave & E 103 St,-73.95249933,40.7922553
307,Canal St & Rutgers St,-73.98990025,40.71427487
3235,E 41 St & Madison Ave,-73.97992193698882,40.752165280621966
168,W 18 St & 6 Ave,-73.99456405,40.73971301
328,Watts St & Greenwich St,-74.00965965,40.72405549
223,W 13 St & 7 Ave,-73.99994661,40.73781509
3585,Union St & Bedford Ave,-73.9554162,40.6691783
79,Franklin St & W Broadway,-74.00666661,40.71911552
346,Bank St & Hudson St,-74.00618026,40.73652889
3453,Devoe St & Lorimer St,-73.9491033554077,40.71335226222875
3108,Nassau Ave & Russell St,-73.94434,40.72557
3467,W Broadway & Spring Street,-74.00165855884552,40.72494672359416
316,Fulton St & William St,-74.00653609,40.70955958
476,E 31 St & 3 Ave,-73.97966069,40.74394314
265,Stanton St & Chrystie St,-73.99147535,40.72229346
3115,India St & Manhattan Ave,-73.9550858,40.73232194
458,11 Ave & W 27 St,-74.005226,40.751396
3175,W 70 St & Amsterdam Ave,-73.98288594,40.77748046
259,South St & Whitehall St,-74.01234218,40.70122128
439,E 4 St & 2 Ave,-73.98978041,40.7262807
355,Bayard St & Baxter St,-73.99974372,40.71602118
402,Broadway & E 22 St,-73.98955109,40.7403432
3016,Kent Ave & N 7 St,-73.96165072917938,40.72036775298455
305,E 58 St & 3 Ave,-73.96724467,40.76095756
3398,Smith St & 9 St,-73.99785768,40.6746957
380,W 4 St & 7 Ave S,-74.00293877,40.73401143
3285,W 87 St & Amsterdam Ave,-73.9747,40.78839
524,W 43 St & 6 Ave,-73.98316936,40.75527307
2003,1 Ave & E 18 St,-73.98054420948029,40.733812191966315
466,W 25 St & 6 Ave,-73.99144871,40.74395411
3538,W 110 St & Amsterdam Ave,-73.96295,40.802692
3140,1 Ave & E 78 St,-73.9535166,40.77140426
325,E 19 St & 3 Ave,-73.98473765,40.73624527
447,8 Ave & W 52 St,-73.9851615,40.76370739
120,Lexington Ave & Classon Ave,-73.95928168,40.68676793
387,Centre St & Chambers St,-74.0046073,40.71273266
377,6 Ave & Canal St,-74.00566443,40.72243797
3286,E 89 St & 3 Ave,-73.9521667,40.7806284
3141,1 Ave & E 68 St,-73.95818491,40.76500525
3259,9 Ave & W 28 St,-73.99923384189606,40.74937024193277
3137,5 Ave & E 73 St,-73.96685276,40.77282817
2010,Grand St & Greene St,-74.00234737,40.72165481
3383,Cathedral Pkwy & Broadway,-73.96699104,40.804213
495,W 47 St & 10 Ave,-73.99301222,40.76269882
3164,Columbus Ave & W 72 St,-73.97898475,40.7770575
195,Liberty St & Broadway,-74.01043382,40.70905623
3335,Union St & 4 Ave,-73.98282002,40.6772744
3358,Garfield Pl & 8 Ave,-73.97484126,40.6711978
3260,Mercer St & Bleecker St,-73.99662137031554,40.72706363348306
3107,Bedford Ave & Nassau Ave,-73.95212324,40.72311651
3435,Grand St & Elizabeth St,-73.99596,40.718822
3429,Hanson Pl & Ashland Pl,-73.97790759801863,40.68506807308177
3587,Carroll St & Washington Ave,-73.9618148,40.6686744
526,E 33 St & 5 Ave,-73.98490707,40.74765947
3314,W 95 St & Broadway,-73.971888,40.7937704
3486,Schermerhorn St & Bond St,-73.98451656103134,40.688417427540834
497,E 17 St & Broadway,-73.99009296,40.73704984
3349,Grand Army Plaza & Plaza St West,-73.97087984,40.6729679
3381,3 St & Hoyt St,-73.99364123,40.6777287
349,Rivington St & Ridge St,-73.98329859,40.71850211
487,E 20 St & FDR Drive,-73.97573881,40.73314259
128,MacDougal St & Prince St,-74.00297088,40.72710258
522,E 51 St & Lexington Ave,-73.97207836,40.75714758
358,Christopher St & Greenwich St,-74.00711384,40.73291553
3317,10 St & 5 Ave,-73.98700053,40.6686273
467,Dean St & 4 Ave,-73.97895137,40.68312489
412,Forsyth St & Canal St,-73.99422366,40.7158155
410,Suffolk St & Stanton St,-73.98517977,40.72066442
383,Greenwich Ave & Charles St,-74.000271,40.735238
3360,Amsterdam Ave & W 79 St,-73.9786517,40.7829391
494,W 26 St & 8 Ave,-73.99723551,40.74734825
3595,35 St & Broadway,-73.9222427,40.760339
445,E 10 St & Avenue A,-73.98142006,40.72740794
296,Division St & Bowery,-73.9970468,40.71413089
3341,Central Park West & W 102 St,-73.96186,40.795346
3155,Lexington Ave & E 63 St,-73.96648977,40.76440023
426,West St & Chambers St,-74.01322069,40.71754834
3415,Prospect Pl & 6 Ave,-73.97519523,40.6793307
3719,S Portland Ave & Atlantic Ave,-73.9738118648529,40.68322254161595
3648,Flushing Ave & Vanderbilt Ave,-73.97077560424805,40.697950315695444
470,W 20 St & 8 Ave,-74.00004031,40.74345335
3323,W 106 St & Central Park West,-73.9605909006,40.7981856
150,E 2 St & Avenue C,-73.98085795,40.7208736
485,W 37 St & 5 Ave,-73.98338988,40.75038009
399,Lafayette Ave & St James Pl,-73.9647628,40.68851534
267,Broadway & W 36 St,-73.98765428,40.75097711
3365,3 St & 7 Ave,-73.97839676,40.6703837
3598,Newton Rd & 44 St,-73.9142678,40.7595701
3684,W 12 St & W 4 St,-74.00398269295692,40.73756121181137
2012,E 27 St & 1 Ave,-73.976806,40.739445
3582,Lincoln Pl & Classon Ave,-73.9609,40.6721683
503,E 20 St & Park Ave,-73.98751968,40.73827428
3660,W 16 St & 8 Ave,-74.001384973526,40.741021509002664
369,Washington Pl & 6 Ave,-74.00026394,40.73224119
3709,W 15 St & 6 Ave,-73.99642959237099,40.738046142482766
3419,Douglass St & 4 Ave,-73.98154004,40.6792788
3226,W 82 St & Central Park West,-73.97137,40.78275
3294,E 91 St & Park Ave,-73.955327,40.7835016
453,W 22 St & 8 Ave,-73.99915362,40.74475148
151,Cleveland Pl & Spring St,-73.99724900722504,40.722103786686034
3374,Central Park North & Adam Clayton Powell Blvd,-73.955613,40.799484
252,MacDougal St & Washington Sq,-73.99852205,40.73226398
357,E 11 St & Broadway,-73.99158043,40.73261787
516,E 47 St & 1 Ave,-73.96784384,40.75206862
499,Broadway & W 60 St,-73.98191841,40.76915505
368,Carmine St & 6 Ave,-74.00214988,40.73038599
460,S 4 St & Wythe Ave,-73.96590294,40.71285887
514,12 Ave & W 40 St,-74.00277668,40.76087502
301,E 2 St & Avenue B,-73.98368779,40.72217444
478,11 Ave & W 41 St,-73.99884222,40.76030096
3440,Fulton St & Adams St,-73.98949474096298,40.692418292578466
492,W 33 St & 7 Ave,-73.99093085,40.75019995
313,Washington Ave & Park Ave,-73.96751037,40.69610226
3092,Berry St & N 8 St,-73.95852515,40.7190095
437,Macon St & Nostrand Ave,-73.9500479759,40.6809833854
3364,Carroll St & 5 Ave,-73.9814832,40.6751622
308,St James Pl & Oliver St,-73.99851193,40.71307916
480,W 53 St & 10 Ave,-73.99061728,40.76669671
3255,8 Ave & W 31 St,-73.9946848154068,40.7505853470215
3110,Meserole Ave & Manhattan Ave,-73.95299117,40.72708584
3676,Van Brunt St & Van Dyke St,-74.01472628116608,40.6758329439129
3096,Union Ave & N 12 St,-73.95242,40.71924
490,8 Ave & W 33 St,-73.993934,40.751551
3405,5 St & 6 Ave,-73.98208968,40.6704836
481,S 3 St & Bedford Ave,-73.96264403,40.71260486
3474,6 Ave & Spring St,-74.00412082672119,40.7252556952547
479,9 Ave & W 45 St,-73.9912551,40.76019252
3533,St. Nicholas Ave & W 126 St,-73.9518776,40.8114323
532,S 5 Pl & S 5 St,-73.960876,40.710451
2008,Little West St & 1 Pl,-74.01677685,40.70569254
450,W 49 St & 8 Ave,-73.98788205,40.76227205
321,Cadman Plaza E & Red Cross Pl,-73.98971773,40.69991755
127,Barrow St & Hudson St,-74.00674436,40.73172428
3502,Lexington Ave & E 111 St,-73.9441232,40.7954121
3714,Division Av & Hooper St,-73.9544353965357,40.70684203101325
324,DeKalb Ave & Hudson Ave,-73.981013,40.689888
258,DeKalb Ave & Vanderbilt Ave,-73.96885458,40.68940747
146,Hudson St & Reade St,-74.0091059,40.71625008
334,W 20 St & 7 Ave,-73.99726235,40.74238787
3106,Driggs Ave & N Henry St,-73.94308,40.72325
502,Henry St & Grand St,-73.981346,40.714215
3715,Driggs Ave & N 9 St,-73.95520135760307,40.71816969454208
3659,W 17 St & 9 Ave,-74.00413691997528,40.74294891660091
298,3 Ave & Schermerhorn St,-73.9796772,40.68683208
326,E 11 St & 1 Ave,-73.98426726,40.72953837
462,W 22 St & 10 Ave,-74.00451887,40.74691959
473,Rivington St & Chrystie St,-73.9919254,40.72110063
3721,31 St & Newtown Ave,-73.9209334552288,40.7675487799971
3113,Greenpoint Ave & Manhattan Ave,-73.95394,40.73026
3686,Gansevoort St & Hudson St,-74.00507032871246,40.739448201304036
310,State St & Smith St,-73.98912867,40.68926942
3258,W 27 St & 10 Ave,-74.00218427181244,40.75018156325683
382,University Pl & E 14 St,-73.99200509,40.73492695
3427,Lafayette St & Jersey St,-73.99600982666016,40.72430527250332
423,W 54 St & 9 Ave,-73.98690506,40.76584941
254,W 11 St & 6 Ave,-73.99800419,40.73532427
3085,Roebling St & N 4 St,-73.95739,40.71469
486,Broadway & W 29 St,-73.98855723,40.7462009
161,LaGuardia Pl & W 3 St,-73.99810231,40.72917025
2009,Catherine St & Monroe St,-73.99682619,40.71117444
3513,21 St & Hoyt Ave S,-73.923706,40.774645
3584,Eastern Pkwy & Franklin Ave,-73.9576801,40.6707767
471,Grand St & Havemeyer St,-73.95698119,40.71286844
3599,Franklin Ave & Empire Blvd,-73.9605695,40.66314
291,Madison St & Montgomery St,-73.984844,40.713126
455,1 Ave & E 44 St,-73.96905301,40.75001986
440,E 45 St & 3 Ave,-73.97282625,40.75255434
268,Howard St & Centre St,-73.99973337,40.71910537
3504,E 123 St & Lexington Ave,-73.9379,40.8029263
3409,Bergen St & Smith St,-73.99063168,40.6867443
531,Forsyth St & Broome St,-73.99266288,40.71893904
3143,5 Ave & E 78 St,-73.96427392959595,40.77632142182271
3082,Hope St & Union Ave,-73.95141312,40.71167351
520,W 52 St & 5 Ave,-73.97648516,40.75992262
3489,Gold St & Frankfort St,-74.00354146957397,40.71069994631387
529,W 42 St & 8 Ave,-73.99098507,40.7575699
3243,E 58 St & 1 Ave,-73.96226227283478,40.75892386377695
174,E 25 St & 1 Ave,-73.97738662,40.7381765
320,Leonard St & Church St,-74.005549,40.717571
72,W 52 St & 11 Ave,-73.99392888,40.76727216
3526,31 St & 23 Ave,-73.9125551,40.7747878
279,Peck Slip & Front St,-74.00167,40.707873
249,Harrison St & Hudson St,-74.0090009,40.71870987
312,Allen St & Stanton St,-73.989111,40.722055
401,Allen St & Rivington St,-73.98997825,40.72019576
238,Bank St & Washington St,-74.00859207,40.7361967
545,E 23 St & 1 Ave,-73.97809472,40.736502
3454,Leonard St & Maujer St,-73.94705951213837,40.7103685423523
280,E 10 St & 5 Ave,-73.99510132,40.73331967
282,Kent Ave & S 11 St,-73.96841526031494,40.707644944175705
323,Lawrence St & Willoughby St,-73.98631746,40.69236178
539,Metropolitan Ave & Bedford Ave,-73.96024116,40.71534825
3570,35 Ave & 37 St,-73.9236611,40.7557327
3534,Frederick Douglass Blvd & W 117 St,-73.954692,40.805159
3147,E 85 St & 3 Ave,-73.95407149,40.77801203
3620,11 St & 43 Ave,-73.9479119,40.7519071
3699,W 50 St & 9 Ave,-73.98917958140373,40.763604677958625
454,E 51 St & 1 Ave,-73.96592976,40.75455731
3244,University Pl & E 8 St,-73.99490341544151,40.73143724085228
3168,Central Park West & W 85 St,-73.96961715,40.78472675
3289,W 90 St & Amsterdam Ave,-73.97288918495178,40.79017948095081
248,Laight St & Hudson St,-74.00771779,40.72185379
3516,31 St & Astoria Blvd,-73.9184057,40.7699176
459,W 20 St & 11 Ave,-74.007756,40.746745
3162,W 78 St & Broadway,-73.98093133,40.78339981
3078,Broadway & Roebling St,-73.96063148975372,40.70924826276157
3105,N 15 St & Wythe Ave,-73.955736,40.724055
446,W 24 St & 7 Ave,-73.99529885,40.74487634
3370,E 78 St & 2 Ave,-73.95577801,40.7727966
3382,Carroll St & Smith St,-73.99475825,40.680611
415,Pearl St & Hanover Square,-74.00926027,40.7047177
3522,37 St & 24 Ave,-73.9120938,40.7701477
3055,Greene Ave & Nostrand Ave,-73.950916,40.6883337
303,Mercer St & Spring St,-73.99949601,40.72362738
281,Grand Army Plaza & Central Park S,-73.97371465,40.7643971
319,Fulton St & Broadway,-74.009447,40.711066
389,Broadway & Berry St,-73.96525063,40.71044554
242,Carlton Ave & Flushing Ave,-73.973736,40.697787
3083,Bushwick Ave & Powers St,-73.94100005,40.71247661
2002,Wythe Ave & Metropolitan Ave,-73.963198,40.716887
3263,Cooper Square & Astor Pl,-73.99075269699097,40.72951496224949
417,Barclay St & Church St,-74.01020234,40.71291224
540,Lexington Ave & E 29 St,-73.98215353488922,40.74311555376486
3307,West End Ave & W 94 St,-73.974124,40.7941654
3101,N 12 St & Bedford Ave,-73.95484712,40.72079821
3064,Myrtle Ave & Lewis Ave,-73.93756926,40.69681963
236,St Marks Pl & 2 Ave,-73.98713956,40.7284186
3112,Milton St & Franklin St,-73.95779,40.72906
3461,Murray St & Greenwich St,-74.01122331619263,40.714851505262516
3612,30 Ave & 21 St,-73.9286078,40.7703743
391,Clark St & Henry St,-73.99344559,40.69760127
3711,E 13 St & Avenue A,-73.98067966103554,40.72966729392978
3606,49 Ave & 21 St,-73.948852,40.74252
3088,Union Ave & Jackson St,-73.952029,40.7160751
3319,14 St & 5 Ave,-73.98895053,40.666287
3300,Prospect Park West & 8 St,-73.97637605667114,40.66514681533792
3348,Coffey St & Conover St,-74.015665,40.677236
3346,Berkeley Pl & 7 Ave,-73.97523209452629,40.675146838709786
442,W 27 St & 7 Ave,-73.993915,40.746647
472,E 32 St & Park Ave,-73.98194829,40.7457121
243,Fulton St & Rockwell Pl,-73.979382,40.688226
388,W 26 St & 10 Ave,-74.002950346,40.749717753
293,Lafayette St & E 8 St,-73.99102628231049,40.73020660529954
3641,Broadway & W 25 St,-73.98918628692627,40.74286877312112
275,Washington Ave & Greene Ave,-73.96563307,40.68650065
3403,4 Ave & 9 St,-73.98876585,40.6705135
3410,Dean St & Hoyt St,-73.98759104,40.6864442
3295,Central Park W & W 96 St,-73.964839,40.79127
330,Reade St & Broadway,-74.00562789,40.71450451
3343,W 107 St & Columbus Ave,-73.9621128676,40.7997568
3571,Bedford Ave & Bergen St,-73.952918,40.676368
3407,Union St & Nevins St,-73.98765474557877,40.67909799721684
2021,W 45 St & 8 Ave,-73.98859651,40.75929124
311,Norfolk St & Broome St,-73.98802084,40.7172274
509,9 Ave & W 22 St,-74.00197139,40.7454973
443,Bedford Ave & S 9 St,-73.96408963,40.70853074
3356,Amsterdam Ave & W 66 St,-73.98470567,40.7746671
237,E 11 St & 2 Ave,-73.98672378,40.73047309
406,Hicks St & Montague St,-73.99595065,40.69512845
3544,Underhill Ave & Pacific St,-73.9646795,40.6804836
3614,Crescent St & 30 Ave,-73.9249574,40.768692
3044,Albany Ave & Fulton St,-73.938475,40.6800105
3091,Frost St & Meeker St,-73.94882,40.71764
3575,Crescent St & 34 Ave,-73.930562,40.76108
3093,N 6 St & Bedford Ave,-73.95850939,40.71745169
3379,E 103 St & Lexington Ave,-73.94755757,40.7903051
3400,E 110 St & Madison Ave,-73.94782145,40.7961535
3414,Bergen St & Flatbush Ave,-73.97567331790923,40.680944723477296
3134,3 Ave & E 62 St,-73.96526895,40.76312584
491,E 24 St & Park Ave S,-73.98602213,40.74096374
3157,East End Ave & E 86 St,-73.94446054,40.77518615
376,John St & William St,-74.00722156,40.70862144
347,Greenwich St & W Houston St,-74.008591,40.728846
3179,Park Ave & Marcus Garvey Blvd,-73.941342,40.698617
3508,St Nicholas Ave & Manhattan Ave,-73.953149,40.809725
498,Broadway & W 32 St,-73.98808416,40.74854862
3472,W 15 St & 10 Ave,-74.00747358798981,40.742753828659026
212,W 16 St & The High Line,-74.00681753,40.74334935
157,Henry St & Atlantic Ave,-73.99612349,40.69089272
353,S Portland Ave & Hanson Pl,-73.97431458,40.68539567
3668,Leonard St & Nassau Ave,-73.94984364509583,40.7239567849954
482,W 15 St & 7 Ave,-73.99931783,40.73935542
361,Allen St & Hester St,-73.99190759,40.71605866
3413,Wyckoff St & 3 Ave,-73.98258555,40.6827549
3492,E 118 St & Park Ave,-73.9419949,40.8005385
2000,Front St & Washington St,-73.98940236,40.70255088
546,E 30 St & Park Ave S,-73.98303529,40.74444921
3283,W 89 St & Columbus Ave,-73.97041561,40.7882213
350,Clinton St & Grand St,-73.9870295,40.71559509
3158,W 63 St & Broadway,-73.98261428,40.77163851
241,DeKalb Ave & S Portland Ave,-73.97493121,40.68981035
474,5 Ave & E 29 St,-73.98683077,40.7451677
386,Centre St & Worth St,-74.00234482,40.71494807
3540,Morningside Ave & W 123 St,-73.9551508,40.81
436,Hancock St & Bedford Ave,-73.95399026,40.68216564
3457,E 58 St & Madison Ave,-73.97209525108337,40.76302594280519
393,E 5 St & Avenue C,-73.97995466,40.72299208
3074,Montrose Ave & Bushwick Ave,-73.94016171,40.70767788
390,Duffield St & Willoughby St,-73.9842844,40.69221589
3663,Sterling Pl & 7 Ave,-73.973827958107,40.67716489469059
3301,Columbus Ave & W 95 St,-73.968087,40.7919557
295,Pike St & E Broadway,-73.99293911,40.71406667
3129,Queens Plaza North & Crescent St,-73.94073717,40.75110165
341,Stanton St & Mangin St,-73.97628939,40.71782143
3569,Franklin Ave & St Marks Ave,-73.9561677,40.6758324
317,E 6 St & Avenue B,-73.98185424,40.72453734
3087,Metropolitan Ave & Meeker Ave,-73.95234386,40.71413311
528,2 Ave & E 31 St,-73.97706058,40.74290902
3690,Park Pl & Church St,-74.00935515761375,40.71334184275907
3459,E 53 St & 3 Ave,-73.96930575370789,40.75763227739443
3067,Broadway & Whipple St,-73.9437303,40.7016657
3701,Cliff St & Fulton St,-74.00504082441329,40.70831794366396
251,Mott St & Prince St,-73.99480012,40.72317958
3041,Kingston Ave & Herkimer St,-73.94142771,40.67890679
336,Sullivan St & Washington Sq,-73.99906065,40.73047747
3581,Underhill Ave & Lincoln Pl,-73.9671457,40.6740123
3628,Lenox Ave & W 117 St,-73.9490782,40.8025566
3368,5 Ave & 3 St,-73.98352355,40.6728155
331,Pike St & Monroe St,-73.99193043,40.71173107
257,Lispenard St & Broadway,-74.00247214,40.71939226
3086,Graham Ave & Conselyea St,-73.944507,40.715143
3384,Smith St & 3 St,-73.99599099,40.6787242
419,Carlton Ave & Park Ave,-73.97355569,40.69580705
3687,E 33 St & 1 Ave,-73.97449783980846,40.74322681432173
3310,14 St & 7 Ave,-73.98396846,40.663779
3056,Kosciuszko St & Nostrand Ave,-73.95133465,40.69072549
3046,Marcus Garvey Blvd & Macon St,-73.938037,40.682601
3053,Marcy Ave & Lafayette Ave,-73.947915,40.6900815
314,Cadman Plaza West & Montague St,-73.990539,40.69383
3511,Adam Clayton Powell Blvd & W 115 St,-73.9532423,40.802535
3562,Classon Ave & St Marks Ave,-73.9596082,40.6765198
416,Cumberland St & Lafayette Ave,-73.97265183,40.68753406
515,W 43 St & 10 Ave,-73.99461843,40.76009437
3077,Stagg St & Union Ave,-73.95095259,40.70877084
461,E 20 St & 2 Ave,-73.98205027,40.73587678
3320,Central Park West & W 100 St,-73.96286845207214,40.79406660818552
518,E 39 St & 2 Ave,-73.9734419,40.74780373
496,E 16 St & 5 Ave,-73.99238967,40.73726186
3664,North Moore St & Greenwich St,-74.0103006362915,40.72019521437465
3580,St Johns Pl & Washington Ave,-73.9631611,40.6737236
297,E 15 St & 3 Ave,-73.986923,40.734232
362,Broadway & W 37 St,-73.98753523,40.75172632
3306,10 St & 7 Ave,-73.98199886,40.6662078
405,Washington St & Gansevoort St,-74.008119,40.739323
3153,E 71 St & 2 Ave,-73.95910263061523,40.76817546742245
3118,McGuinness Blvd & Eagle St,-73.95284,40.73555
3515,24 Ave & 26 St,-73.918544,40.774591
3691,28 Ave & 44 St,-73.91065120697021,40.76408932350688
289,Monroe St & Classon Ave,-73.95881081,40.6845683
508,W 46 St & 11 Ave,-73.99667444,40.76341379
278,Concord St & Bridge St,-73.98476437,40.69766564
239,Willoughby St & Fleet St,-73.9813018,40.69196566
245,Myrtle Ave & St Edwards St,-73.97703874,40.69327018
3119,Vernon Blvd & 50 Ave,-73.95411749,40.74232744
3477,39 St & 2 Ave - Citi Bike HQ at Industry City,-74.01062786579132,40.65539977447831
3597,43 St & Broadway,-73.9166368,40.7577284
397,Fulton St & Clermont Ave,-73.96922273,40.68415748
3130,21 St & Queens Plaza North,-73.94335788,40.75325964
3167,Amsterdam Ave & W 73 St,-73.98093044757842,40.77966809007312
483,E 12 St & 3 Ave,-73.98889957,40.73223272
398,Atlantic Ave & Furman St,-73.9999786,40.69165183
3305,E 91 St & 2 Ave,-73.94965589046478,40.78112229934166
3631,Crown St & Bedford Ave,-73.956741,40.666563
3366,West End Ave & W 107 St,-73.9681805305,40.8021174
340,Madison St & Clinton St,-73.98776323,40.71269042
3576,Park Pl & Vanderbilt Ave,-73.969024,40.6767
3293,W 92 St & Broadway,-73.9739,40.7921
3236,W 42 St & Dyer Ave,-73.99379968643188,40.75898481399634
420,Clermont Ave & Lafayette Ave,-73.96968902,40.68764484
3142,1 Ave & E 62 St,-73.96094022,40.7612274
3386,1 Pl & Clinton St,-73.99905709,40.6809591
3529,Lenox Ave & W 130 St,-73.9430681,40.8107922
3527,5 Ave & E 126 St,-73.941747,40.80698
3437,Riverside Dr & W 91 St,-73.97700369358063,40.79313480986663
3431,E 35 St & 3 Ave,-73.977885,40.746524
3397,Court St & Nelson St,-73.99869893,40.6763947
3505,Lexington Ave & E 127 St,-73.936322,40.805726
3637,Fulton St & Waverly Ave,-73.96599590778351,40.683238654603414
2006,Central Park S & 6 Ave,-73.97634151,40.76590936
3463,E 16 St & Irving Pl,-73.98797392845154,40.735367055605394
3396,Clinton St & 4 Place,-74.00014502,40.6783563
3068,Humboldt St & Varet St,-73.940636,40.7031724
448,W 37 St & 10 Ave,-73.9979009,40.75660359
3712,W 35 St & Dyer Ave,-73.99740189313889,40.754691750226016
3520,Adam Clayton Powell Blvd & W 118 St,-73.951475,40.804372
3058,Lewis Ave & Kosciuszko St,-73.93705428,40.69237074
3411,Bond St & Bergen St,-73.98620772,40.6849668
3376,E 65 St & 2 Ave,-73.96222069859505,40.76471851944339
3102,Driggs Ave & Lorimer St,-73.9504154,40.72179134
3340,Wolcott St & Dwight St,-74.0100698,40.6753274
3378,E 76 St & Park Ave,-73.96222088,40.773763
3308,Kane St & Clinton St,-73.99645295,40.6861758
3050,Putnam Ave & Throop Ave,-73.94111,40.6851532
3161,W 76 St & Columbus Ave,-73.97728532552719,40.7801839724239
3617,28 Ave & 35 St,-73.9169858,40.7671
3313,6 Ave & 12 St,-73.9854617,40.6663181
3671,E 81 St & 2 Ave,-73.95427465438843,40.774779448957275
3052,Lewis Ave & Madison St,-73.935775,40.686312
3151,E 81 St & York Ave,-73.94989233,40.7728384
3336,E 97 St & Madison Ave,-73.953559,40.787801
364,Lafayette Ave & Classon Ave,-73.96023854,40.68900443
3297,6 St & 7 Ave,-73.97988067,40.6686627
3049,Cambridge Pl & Gates Ave,-73.96304,40.68488
3616,Steinway St & 28 Ave,-73.9136695,40.7656251
167,E 39 St & 3 Ave,-73.97604882,40.7489006
3499,2 Ave & E 122 St,-73.9349,40.8006721
3514,Astoria Park S & Shore Blvd,-73.927631,40.7767
3296,E 93 St & 2 Ave,-73.9489196240902,40.782454175279874
3496,1 Ave & E 110 St,-73.9383,40.7923272
3662,31 Ave & Steinway St,-73.916916847229,40.761293897289086
3359,E 68 St & Madison Ave,-73.96703464,40.7691572
3369,E 82 St & East End Ave,-73.9468208,40.7724607
3674,Jay St & York St,-73.98672670125961,40.701403172577244
3462,E 44 St & 2 Ave,-73.97138714790344,40.75118387463277
3610,Vernon Blvd & 30 Rd,-73.934171,40.770845
3601,Sterling St & Bedford Ave,-73.9569115,40.6627059
3693,N 11 St & Kent Ave,-73.95921930670738,40.72248188638219
3425,2 Ave & E 104 St,-73.94370784,40.7892105
3558,Bergen St & Vanderbilt Ave,-73.9680438,40.6794388
332,Cherry St,-73.97948148,40.71219906
408,Market St & Cherry St,-73.99400398,40.71076228
342,Columbia St & Rivington St,-73.98016555,40.71739973
3532,Ditmars Blvd & 19 St,-73.9183302,40.78145
3607,31 Ave & 14 St,-73.9322662,40.7682
3579,Sterling Pl & Bedford Ave,-73.954131,40.672695
327,Vesey Pl & River Terrace,-74.01658354,40.7153379
366,Clinton Ave & Myrtle Ave,-73.968896,40.693261
3350,W 100 St & Broadway,-73.97041192,40.7973721
3318,2 Ave & E 96 St,-73.9471673,40.7839636
3718,E 11 St & Avenue B,-73.97950418293476,40.72746420692392
276,Duane St & Greenwich St,-74.0104554,40.71748752
396,Lefferts Pl & Franklin Ave,-73.9557689392,40.680342423
3491,E 118 St & 1 Ave,-73.93504,40.79747
351,Front St & Maiden Ln,-74.00612572,40.70530954
356,Bialystoker Pl & Delancey St,-73.98261206,40.71622644
3062,Myrtle Ave & Marcy Ave,-73.94954908,40.69539817
3361,Carroll St & 6 Ave,-73.9787282,40.6740886
3434,W 88 St & West End Ave,-73.97718340158461,40.79025417330419
3322,12 St & 4 Ave,-73.9904394,40.668603
411,E 6 St & Avenue D,-73.97668709,40.72228087
3338,2 Ave & E 99 St,-73.94552579,40.7862586
82,St James Pl & Pearl St,-74.00016545,40.71117416
3070,McKibbin St & Manhattan Ave,-73.94407279,40.70510918
3395,Henry St & W 9 St,-74.00324957,40.6763744
3144,E 81 St & Park Ave,-73.9590097,40.77677702
3311,Columbia St & Kane St,-74.0016256,40.68763155
505,6 Ave & W 33 St,-73.98848395,40.74901271
3288,E 88 St & 1 Ave,-73.9488134,40.778301
302,Avenue D & E 3 St,-73.97793172,40.72082834
3596,Sullivan Pl & Bedford Ave,-73.9574686,40.6642406
261,Johnson St & Gold St,-73.98362464,40.69474881
3418,Plaza St West & Flatbush Ave,-73.97111473,40.6750207
3646,35 Ave & 10 St,-73.93985509872437,40.76315481910373
3408,Congress St & Clinton St,-73.99520919,40.6881529
414,Pearl St & Anchorage Pl,-73.98765762,40.70281858
3424,E 106 St & Lexington Ave,-73.945993,40.791976
3156,E 72 St & York Ave,-73.95348296,40.76663814
418,Front St & Gold St,-73.982578,40.70224
3060,Willoughby Ave & Tompkins Ave,-73.94626915,40.69425403
315,South St & Gouverneur Ln,-74.00670227,40.70355377
3345,Madison Ave & E 99 St,-73.95242929458618,40.78948541553215
3377,Carroll St & Bond St,-73.99037292,40.6786115
385,E 55 St & 2 Ave,-73.96603308,40.75797322
407,Henry St & Poplar St,-73.991454,40.700469
3223,E 55 St & 3 Ave,-73.96865397691727,40.758996559605116
144,Nassau St & Navy St,-73.98068914,40.69839895
3551,3 Ave & E 112 St,-73.941606,40.795508
3148,E 84 St & 1 Ave,-73.95068615,40.77565541
3124,46 Ave & 5 St,-73.95451,40.74731
270,Adelphi St & Myrtle Ave,-73.97178913,40.69308257
3329,Degraw St & Smith St,-73.99318208,40.6829151
3363,E 102 St & Park Ave,-73.95033068,40.7904828
359,E 47 St & Park Ave,-73.97498696,40.75510267
392,Jay St & Tech Pl,-73.987167,40.695065
3541,Amsterdam Ave & W 125 St,-73.956461,40.813358
3242,Schermerhorn St & Court St,-73.99183362722397,40.69102925677968
3389,Carroll St & Columbia St,-74.00348559,40.6830456
363,West Thames St,-74.01713445,40.70834698
3543,Morningside Dr & Amsterdam Ave,-73.95736455917358,40.81028506306003
3497,Pleasant Ave & E 116 St,-73.9333349,40.7949879
3042,Fulton St & Utica Ave,-73.9298911,40.6794268
3145,E 84 St & Park Ave,-73.95772073,40.77862688
3146,E 81 St & 3 Ave,-73.9567526,40.77573034
3653,31 St & 35 Ave,-73.92832159996033,40.75820464696758
3002,South End Ave & Liberty St,-74.015756,40.711512
3309,E 97 St & 3 Ave,-73.94860294,40.7859201
266,Avenue D & E 8 St,-73.97574813,40.72368361
164,E 47 St & 2 Ave,-73.97032517,40.75323098
3412,Pacific St & Nevins St,-73.98302136,40.6853761
501,FDR Drive & E 35 St,-73.97121214,40.744219
344,Monroe St & Bedford Ave,-73.95380904,40.6851443
3121,Jackson Ave & 46 Rd,-73.94733276,40.74524768
3372,E 74 St & 1 Ave,-73.95482273,40.7689738
536,1 Ave & E 30 St,-73.97536082,40.74144387
3417,Baltic St & 5 Ave,-73.97854971,40.6795766
3166,Riverside Dr & W 72 St,-73.98562431335449,40.78057799010334
3697,W 64 St & Thelonious Monk Circle,-73.98918695747852,40.77515953434235
3324,3 Ave & 14 St,-73.99333264,40.6685455
3172,W 74 St & Columbus Ave,-73.97754961,40.7785669
360,William St & Pine St,-74.00887308,40.70717936
3066,Tompkins Ave & Hopkins St,-73.94708417,40.69957608
3178,Riverside Dr & W 78 St,-73.98362492,40.78414472
513,W 56 St & 10 Ave,-73.988639,40.768254
3127,9 St & 44 Rd,-73.9521,40.74966
400,Pitt St & Stanton St,-73.98178024,40.71926081
3331,Riverside Dr & W 104 St,-73.9711457439,40.8013434
3604,Rogers Ave & Sterling St,-73.9538746,40.6630619
339,Avenue D & E 12 St,-73.97422494,40.72580614
304,Broadway & Battery Pl,-74.01361706,40.70463334
3256,Pier 40 - Hudson River Park,-74.01129573583603,40.7277140777778
3169,Riverside Dr & W 82 St,-73.98128127,40.78720869
3354,3 St & Prospect Park West,-73.97363831,40.668132
3422,Columbia St & Degraw St,-74.00242364,40.6859296
3081,Graham Ave & Grand St,-73.944024,40.711863
244,Willoughby Ave & Hall St,-73.96536851,40.69196035
409,DeKalb Ave & Skillman St,-73.95643107,40.6906495
3546,Pacific St & Classon Ave,-73.9587903,40.6791944
3490,E 116 St & 2 Ave,-73.937261,40.796879
365,Fulton St & Grand Ave,-73.9614583,40.68223166
3560,28 St & 38 Ave,-73.934326,40.754876
3072,Leonard St & Boerum St,-73.94644578,40.70583339
3057,Kosciuszko St & Tompkins Ave,-73.9452416,40.69128258
3094,Graham Ave & Withers St,-73.94485918,40.7169811
2022,E 60 St & York Ave,-73.959223,40.759107
421,Clermont Ave & Park Ave,-73.97129668,40.69573398
3547,Broadway & Moylan Pl,-73.9590255,40.8143256
3116,Huron St & Franklin St,-73.95826,40.73266
3135,E 75 St & 3 Ave,-73.95772297,40.77112927
247,Perry St & Bleecker St,-74.00483091,40.73535398
228,E 48 St & 3 Ave,-73.971878855,40.7546011026
3290,E 89 St & York Ave,-73.946041,40.7779453
3423,West Drive & Prospect Park West,-73.97945255041122,40.6610633719006
3177,W 84 St & Broadway,-73.977112,40.7867947
3357,W 106 St & Amsterdam Ave,-73.9664492472,40.8008363
441,E 52 St & 2 Ave,-73.967416,40.756014
3355,E 66 St & Madison Ave,-73.96845281124115,40.76800889305947
3152,3 Ave & E 71 St,-73.96119945,40.76873687
3393,Richards St & Delavan St,-74.00785041,40.6794327
3351,E 102 St & 1 Ave,-73.94164802,40.7869946
3315,Henry St & Degraw St,-73.99917254,40.6847514
3658,W 18 St & 9 Ave,-74.00367558002472,40.7435337324616
3531,Frederick Douglass Blvd & W 129 St,-73.9492286,40.8125511
3241,Monroe St & Tompkins Ave,-73.944694,40.686203
3673,Dean St & Franklin Ave,-73.955637216568,40.67759206937376
3399,7 St & 3 Ave,-73.98983001708984,40.67260298150126
3565,36 Ave & 10 St,-73.9411265,40.7614376
3373,3 St & 3 Ave,-73.98775226,40.6750705
274,Lafayette Ave & Fort Greene Pl,-73.976682,40.68691865
422,W 59 St & 10 Ave,-73.988038,40.770513
3362,Madison Ave & E 82 St,-73.96069399,40.7781314
3402,Court St & State St,-73.99203074,40.6902375
3071,Boerum St & Broadway,-73.94976519,40.70538077
3080,S 4 St & Rodney St,-73.95608,40.70934
3332,Degraw St & Hoyt St,-73.99079024791718,40.681990442707026
3375,3 Ave & E 72 St,-73.96060712,40.7699426
3535,Mt Morris Park W & W 120 St,-73.945925,40.804038
3518,Lenox Ave & W 126 St,-73.9452087,40.808442
3284,E 88 St & Park Ave,-73.95595908164978,40.781410700190015
3154,E 77 St & 3 Ave,-73.95856158,40.77314236
3618,27 St & Hunter St,-73.941275,40.7485
3339,Berkeley Pl & 6 Ave,-73.97846879,40.6765304
262,Washington Park,-73.9737299,40.6917823
3388,President St & Henry St,-73.99990419,40.6828003
3621,27 Ave & 9 St,-73.9309134,40.7739825
3126,44 Dr & Jackson Ave,-73.9432635,40.74718234
3553,Frederick Douglass Blvd & W 112 St,-73.957145,40.801694
3173,Riverside Blvd & W 67 St,-73.98888587951659,40.777507027547976
373,Willoughby Ave & Walworth St,-73.95381995,40.69331716
525,W 34 St & 11 Ave,-74.0021163,40.75594159
3344,Pioneer St & Van Brunt St,-74.011169,40.679043
3566,Crescent St & 35 Ave,-73.9321455,40.7596276
217,Old Fulton St,-73.99383605,40.70277159
3573,35 St & 34 Ave,-73.9242751,40.7580583
3282,5 Ave & E 88 St,-73.95939,40.78307
3054,Greene Ave & Throop Ave,-73.942061,40.6894932
3449,Eckford St & Engert Ave,-73.94800901412964,40.721462562298164
3327,3 Ave & E 100 St,-73.94728331,40.7877214
3528,Steinway St & 23 Ave,-73.9077436,40.7713937
3568,34 St & 35 Ave,-73.9262231,40.7569332
3043,Lewis Ave & Decatur St,-73.934903,40.6814598
337,Old Slip & Front St,-74.00838676,40.7037992
3554,Vernon Blvd & 41 Rd,-73.9485678,40.7552433
309,Murray St & West St,-74.013012,40.7149787
3312,1 Ave & E 94 St,-73.94594,40.7817212
3619,Newtown Ave & 23 St,-73.9246145,40.7713615
3689,W 104 St & Amsterdam Ave,-73.96649479866028,40.799041392882984
3232,Bond St & Fulton St,-73.98304268717766,40.68962188790333
3517,31 St & Hoyt Ave N,-73.9170074,40.7711528
3593,31 St & Broadway,-73.925921,40.761584
3390,E 109 St & 3 Ave,-73.9432083,40.79329668
3233,E 48 St & 5 Ave,-73.97805914282799,40.75724567911726
3609,Vernon Blvd & 31 Ave,-73.9354504,40.7692475
3507,Park Ave & E 124 St,-73.9396861,40.8045555
2023,E 55 St & Lexington Ave,-73.97031366,40.75968085
3298,Warren St & Court St,-73.99383324,40.686371
3578,Park Pl & Franklin Ave,-73.9564947,40.6741806
260,Broad St & Bridge St,-74.01167797,40.70365182
3629,Adam Clayton Powell Blvd & W 126 St,-73.94776493310928,40.809495347779475
3512,27 Ave & 4 St,-73.9337894,40.7747175
3501,E 118 St & Madison Ave,-73.9442507,40.8014866
3404,7 St & 5 Ave,-73.98541675,40.6704922
3131,E 68 St & 3 Ave,-73.96224617958069,40.76712840349542
3047,Halsey St & Tompkins Ave,-73.944118,40.6823687
3150,E 85 St & York Ave,-73.94803392,40.77536905
3603,31 Ave & 30 St,-73.9240312,40.7647
3117,Franklin St & Dupont St,-73.95866,40.73564
3602,31 Ave & 34 St,-73.920827,40.763154
3506,Lexington Ave & E 120 St,-73.9398167,40.8013066
517,Pershing Square South,-73.97791,40.751581
3061,Throop Ave & Myrtle Ave,-73.94371094,40.69622937
3588,Vernon Blvd & 10 St,-73.9373554,40.7671863
3352,Sigourney St & Columbia St,-74.0087952464819,40.67267243410948
3249,Verona Pl & Fulton St,-73.9476791024208,40.6803560840434
143,Clinton St & Joralemon St,-73.99337909,40.69239502
3303,Butler St & Court St,-73.99440329,40.6849894
3680,E 43 St & 5 Ave,-73.98025184869766,40.754120810779256
3328,W 100 St & Manhattan Ave,-73.9645,40.795
3387,E 106 St & Madison Ave,-73.94945003,40.7934337
3139,E 72 St & Park Ave,-73.96409422159195,40.77118287540658
3537,Carlton Ave & Dean St,-73.9710097,40.6809741
354,Emerson Pl & Myrtle Ave,-73.96223558,40.69363137
3556,24 St & 41 Ave,-73.9397405,40.7527085
3059,Pulaski St & Marcus Garvey Blvd,-73.939877,40.6933982
3583,Eastern Pkwy & Washington Ave,-73.9631145,40.6716493
3100,Nassau Ave & Newell St,-73.94752621650696,40.724812564400175
3552,W 113 St & Broadway,-73.964928,40.805973
3521,Lenox Ave & W 111 St,-73.9523,40.7987859
216,Columbia Heights & Cranberry St,-73.99548059,40.70037867
530,11 Ave & W 59 St,-73.99046033620834,40.77149671054441
343,Clinton Ave & Flushing Ave,-73.96986848,40.69794
3292,5 Ave & E 93 St,-73.957481,40.7857851
3611,Vernon Blvd & 47 Rd,-73.9534573,40.7449067
3076,Scholes St & Manhattan Ave,-73.9448625,40.70870368
456,E 53 St & Madison Ave,-73.97402311,40.7597108
3545,Broadway & W 122 St,-73.9612547,40.8120562
335,Washington Pl & Broadway,-73.99404649,40.72903917
3613,Center Blvd & 48 Ave,-73.957539,40.745038
264,Maiden Ln & Pearl St,-74.00731853,40.70706456
3221,47 Ave & 31 St,-73.93561,40.743
3342,Pioneer St & Richards St,-74.0094613,40.6777748
3510,Adam Clayton Powell Blvd & W 123 St,-73.949373,40.8078316
3048,Putnam Ave & Nostrand Ave,-73.94977,40.68402
3623,W 120 St & Claremont Ave,-73.9634,40.8109494
3109,Banker St & Meserole Ave,-73.95621,40.72606
3536,W 116 St & Broadway,-73.9641,40.8082
3549,Grand Ave & Bergen St,-73.962408,40.678045
3561,37 Ave & 35 St,-73.9279917,40.7531106
3371,4 Ave & 2 St,-73.98501142859459,40.674613422475815
3509,Lenox Ave & W 115 St,-73.9500739,40.8011939
3456,Jackson St & Leonard St,-73.94821286201477,40.71638031973561
427,Bus Slip & State St,-74.013942,40.701907
3557,40 Ave & 9 St,-73.945133,40.75742
3326,Clinton St & Centre St,-74.00194698,40.67434
3122,48 Ave & 5 St,-73.9558732509613,40.744363287066875
3493,E 118 St & 3 Ave,-73.9389152,40.799139
3608,5 St & 51 Ave,-73.9566,40.7423737
3649,W 129 St & Convent Ave,-73.95324736833572,40.814394437915816
3647,48 Ave & 30 Pl,-73.93725872039794,40.74128309355993
3494,E 115 St & Lexington Ave,-73.9423,40.797911
3592,Crescent St & Broadway,-73.9286471,40.7633589
3125,45 Rd & 11 St,-73.94977234,40.74708586
3530,Crescent St & Ditmars Blvd,-73.9145645,40.7787185
3337,Dwight St & Van Dyke St,-74.01195555925369,40.67363551341504
3075,Division Ave & Marcy Ave,-73.95796783,40.70708701
3392,Commerce St & Van Brunt St,-74.00860912,40.6812117
3420,Douglass St & 3 Ave,-73.98432695,40.6802133
3615,44 Dr & 21 St,-73.9460927,40.748
3591,21 St & 31 Dr,-73.930819,40.7659
3572,34 Ave & 38 St,-73.921631,40.756913
3478,2 Ave & 36 St - Citi Bike HQ at Industry City,-74.00870203971863,40.65708866668485
3347,Van Brunt St & Wolcott St,-74.01275056,40.6773429
372,Franklin Ave & Myrtle Ave,-73.95801365375519,40.694546087246025
3555,28 St & 41 Ave,-73.93797,40.751047
3391,E 106 St & 1 Ave,-73.93956237,40.7892529
3524,19 St & 24 Ave,-73.9225403,40.7774552
3469,India St & West St,-73.95995020866394,40.73181401720966
3622,E 128 St & Madison Ave,-73.939182,40.80756
500,Broadway & W 51 St,-73.98336183,40.76228826
3564,21 St & 36 Ave,-73.9362726,40.7601853
3495,E 114 St & 1 Ave,-73.9362541,40.7945663
3654,31 St & Northern Blvd,-73.93349289894103,40.75186951421875
3299,E 98 St & Park Ave,-73.95206,40.78813
3525,23 Ave & 27 St,-73.9153175,40.776165
3401,2 Ave & 9 St,-73.99331394,40.6724811
3563,28 St & 36 Ave,-73.932719,40.757186
3503,Madison Ave & E 120 St,-73.942954,40.80295
3716,40 Ave & Crescent St,-73.93795609474182,40.753599202005596
3500,E 115 St & Madison Ave,-73.944846,40.7989445
3069,Lorimer St & Broadway,-73.94818595,40.70411791
3589,Broadway & 12 St,-73.9347774,40.7668
119,Park Ave & St Edwards St,-73.97803415,40.69608941
3128,21 St & 43 Ave,-73.94594845,40.75052534
3063,Nostrand Ave & Myrtle Ave,-73.95238108,40.69527008
3542,Amsterdam Ave & W 119 St,-73.9596214,40.8086249
3498,Pleasant Ave & E 120 St,-73.9311847,40.7974772
3065,Union Ave & Wallabout St,-73.95032283,40.70029511
173,Broadway & W 49 St,-73.9845272898674,40.76068327096592
3720,Wyckoff St & Bond St,-73.98721285164356,40.68461653897949
3605,31 Ave & Crescent St,-73.9265474,40.7658346
3123,31 St & Thomson Ave,-73.93540375,40.74469738
3523,24 Ave & 29 St,-73.916142,40.7729
468,Broadway & W 56 St,-73.98192338,40.7652654
3567,11 St & 35 Ave,-73.9391141,40.7627442
533,Broadway & W 38 St,-73.98721619,40.75299641
2005,Railroad Ave & Kay Ave,-73.97100056,40.70531194
3539,W 116 St & Amsterdam Ave,-73.9607082,40.8067581
465,Broadway & W 41 St,-73.98658032,40.75513557
3577,34 Ave & 21 St,-73.9342862,40.7628138
3590,Carroll St & Franklin Ave,-73.9588,40.6679411
3458,W 55 St & 6 Ave,-73.9783501625061,40.76309387270797
3443,W 52 St & 6 Ave,-73.97982001304626,40.76132983124814
3692,5 St & Market St,-73.97440128028393,40.699997484388504
493,W 45 St & 6 Ave,-73.98291153,40.7568001
477,W 41 St & 8 Ave,-73.9900262,40.75640548
469,Broadway & W 53 St,-73.98268129,40.76344058
523,W 38 St & 8 Ave,-73.99138152,40.75466591
3559,21 St & 38 Ave,-73.9391224,40.7576314
3432,NYCBS Depot - GOW,-73.99463653564453,40.66906013501107
3136,5 Ave & E 63 St,-73.971518,40.766368
3586,34 Ave & 13 St,-73.9364848,40.7638753
3333,Columbia St & Lorraine St,-74.0075572,40.6747055
3661,Montgomery St & Franklin Ave,-73.9605563879013,40.666439306870814
3250,58th St Depot,-73.98383796215057,40.71690978045965
3441,10 Hudson Yards,-74.00264,40.752957
3704,47 Ave & Skillman Ave,-73.94176483154297,40.7437524099784
3330,Henry St & Bay St,-74.00494695,40.6725058
83,Atlantic Ave & Fort Greene Pl,-73.97632328,40.68382604
3723,Cadman Plaza E & Johnson St,-73.99015724658966,40.695317277669034
NULL,NULL,-73.890,40.854
3724,7 Ave & Central Park South,-73.9790689945221,40.7667405590595
3725,2 Ave & E 72 St,-73.95840793848038,40.7687620293096
3726,Center Blvd & 51 Ave,-73.95960688591003,40.743366080270214
3245,NYCBS DEPOT - DELANCEY,-73.9823305606842,40.71644423134479
3728,Pierrepont St & Monroe Pl,-73.99344027042389,40.69535693320225
224,Spruce St & Nassau St,-74.00552427,40.71146364
3727,Frost St & Meeker Ave,-73.94752018153667,40.717847984177276
3416,7 Ave & Park Pl,-73.97324283,40.6776147
2017,E 43 St & 2 Ave,-73.97121414,40.75022392
3733,Avenue C & E 18 St,-73.973984,40.730563
3737,Stanton St & Norfolk St,-73.986274,40.720747
3040,Handlebar @ Gowanus,-73.99497985839844,40.66979964220026
3745,36 Ave & 31 St,-73.92957486212252,40.75651272984955
3466,W 45 St & 6 Ave,-73.98257732391357,40.75668720603179
3707,Lexington Ave & E 26 St,-73.983293,40.741459
3708,W 13 St & 5 Ave,-73.99431,40.735445
3747,E 84 St & 3 Ave,-73.95512759685516,40.77755374298887
3746,6 Ave & Broome St,-74.00473035871983,40.724308321602166
3734,E 58 St &  1 Ave (NW Corner),-73.962658,40.759125
3749,Lexington Ave & E 36 St,-73.9788007736206,40.747573958954796
3756,White St & Moore St,-73.9351,40.704508
3757,Stagg St & Morgan Ave,-73.93372,40.710681
3758,George St & Wilson Ave,-73.92997,40.702997
3760,Willoughby Ave & Wyckoff Ave,-73.92153,40.705614
3761,Cedar St & Myrtle Ave,-73.926241,40.697842
3759,Irving Ave & Jefferson St,-73.92535,40.70538
3755,DeKalb Ave & Franklin Ave,-73.95746178925037,40.69064807082943
3763,Wyckoff Av & Jefferson St,-73.923711,40.707165
3771,McKibbin St & Bogart St,-73.933871,40.706237
3776,Central Ave & Starr Street,-73.92834,40.700003
3767,Powers St & Olive St,-73.93894,40.71323
3254,Soissons Landing,-74.01486575603485,40.69231660719192
3182,Yankee Ferry Terminal,-74.016966,40.686931
3762,3 Ave & Carroll St,-73.9865,40.677027
3772,Devoe St & Morgan Ave,-73.93515,40.713811
3769,White St & Johnson Ave,-73.93581,40.707174
3775,Suydam St & Knickerbocker Ave,-73.923769,40.702013
3766,Sharon St & Olive St,-73.93856,40.715353
3764,Bushwick Ave & McKibbin St,-73.93936,40.705517
284,Greenwich Ave & 8 Ave,-74.0026376103,40.7390169121
3479,Picnic Point,-74.02535319328308,40.68512559515415
3781,Greene Av & Myrtle Av,-73.918877,40.698568
3768,Waterbury St & Stagg St,-73.93734,40.71019
3765,Bushwick Ave & Stagg St,-73.94008,40.709897
3770,Central Ave & Flushing Ave,-73.9333,40.702831
3790,Henry St & Middagh St,-73.991581,40.7003
3787,Dock 72 Way & Market St,-73.97141,40.69985
3773,Knickerbocker Ave & Thames St,-73.92976,40.70539
3774,Knickerbocker Ave & George St,-73.92836,40.704425
3777,Stockholm St & Wilson Ave,-73.923044,40.699304
3788,E 12 St & 4 Av,-73.98974,40.73269
3778,Irving Ave & DeKalb Ave,-73.92095,40.7027
116,W 17 St & 8 Ave,-74.00149746,40.74177603
3782,Brooklyn Bridge Park - Pier 2,-73.997178,40.698458
3779,Hart St & Wyckoff Ave,-73.919911,40.704876
434,9 Ave & W 18 St,-74.00366443,40.74317449
3783,Cliff St & Fulton St,-74.00495,40.70838
3795,10 St & 2 Ave,-73.993612,40.671907
3793,Stuyvesant Walk & 1 Av Loop,-73.97898383438587,40.732339777151054
489,10 Ave & W 28 St,-74.00176802,40.75066386
3789,Fulton St & Irving Pl,-73.959432,40.68186
3799,6 Ave & W 34 St,-73.98805,40.74964
3798,W 40 St & 5 Ave,-73.982079,40.752269
3803,Bedford Ave & Montgomery St,-73.956934,40.665816
3804,Front St & Jay St,-73.986842,40.702461
464,E 56 St & 3 Ave,-73.96759673,40.75934501
3287,W 87 St & West End Ave,-73.97757,40.789622
250,Lafayette St & Jersey St,-73.99565293,40.72456089
3809,W 55 St & 6 Ave,-73.978458,40.763201
3810,Central Park West & W 82 St,-73.971211,40.782593
3805,E 80 St & Park Ave,-73.959757,40.776173
3811,27 Ave & 3 St,-73.9342,40.77485
3325,E 95 St & 3 Ave,-73.950503,40.7849032
488,W 39 St & 9 Ave,-73.99372222,40.75645824
3812,University Pl & E 14 St,-73.992085,40.734814
3842,Bushwick Ave & Dekalb Ave,-73.92825,40.69502
3822,Bushwick Ave & Forrest St,-73.93641,40.70076
3821,Evergreen Ave & Noll St,-73.93318,40.70106
3823,Beaver St & Fayette St,-73.93921,40.70099
3858,Kent St & McGuinness Blvd,-73.95161,40.73124
3854,Morgan Ave & Maspeth Ave,-73.93637,40.716657
3820,Willoughby Ave & Myrtle Ave,-73.93098,40.69757
3818,Calyer St & Jewel St,-73.94839,40.72984
3817,Withers St & Kingsland Ave,-73.94051,40.71773
3853,Harrison Pl & Porter Ave,-73.92851,40.70686
3819,Green St & McGuinness Blvd,-73.95204,40.73396
3816,Metropolitan Ave & Vandervoort Ave,-73.93323,40.71429
3857,Engert Ave & McGuinness Blvd,-73.94546,40.72158
3850,Jefferson St & Cypress Ave,-73.92157,40.70907
3849,Suydam St & St. Nicholas Ave,-73.91945,40.70636
3844,Myrtle Ave & Linden St,-73.91337,40.69943
3843,Myrtle Ave & Grove St,-73.91516,40.69905
3840,Putnam Ave & Wyckoff Ave,-73.90904,40.69811
3855,Frost St & Debevoise Ave,-73.93948,40.71882
3839,Putnam Ave & Knickerbocker Ave,-73.91164,40.69545
3848,Suydam St & Broadway,-73.93223,40.69544
3860,Wilson Ave & Troutman St,-73.92754,40.70166
3780,Wyckoff Av & Stanhope St,-73.917775,40.703545
3852,Stewart Ave & Johnson Ave,-73.92587,40.70869
3845,Irving Ave & Harman St,-73.9179,40.70108
3861,Menahan St & Wyckoff Ave,-73.91422,40.70113
3815,E 51 St & 2 Ave,-73.967641,40.755293
3847,Cedar St & Evergreen Ave,-73.92807,40.69671
3851,Metropolitan Ave & Stewart Ave,-73.92793,40.71401
3870,Melrose St & Broadway,-73.935877,40.697481
3862,Linden St & Knickerbocker Ave,-73.91566,40.69714
3856,Kingsland Ave & Nassau Ave,-73.94173,40.72577
3841,Menahan St & Central Ave,-73.9196,40.69543
3838,Bushwick Ave & Harman St,-73.92524,40.69356
3837,Broadway & Kosciuszko St,-73.92852,40.69329
3891,Irving Ave & Palmetto St,-73.9127,40.698
3846,Central Ave & Himrod St,-73.92302,40.69676
3881,12 Ave & W 125 St,-73.960405,40.818299
3869,Van Buren St & Broadway,-73.92617,40.692
3836,Bushwick Ave & Linden St,-73.92146,40.69146
3863,Central Ave & Woodbine St,-73.91605,40.69296
3834,Irving Ave & Halsey St,-73.90663,40.69467
3864,Central Ave & Covert St,-73.90951,40.68929
3865,Knickerbocker Ave & Cooper St,-73.90448,40.69081
3826,Moffat St & Bushwick,-73.90925,40.68458
3827,Halsey St & Broadway,-73.91564,40.68565
3890,Grove St & Broadway,-73.923511,40.69047
3879,Broadway & Madison St,-73.91966,40.68822
3829,Central Ave & Decatur St,-73.90798,40.6882
3828,Eldert St & Bushwick Ave,-73.91321,40.68652
3868,Knickerbocker Ave & Halsey St,-73.90824,40.693
3833,Madison St & Evergreen Ave,-73.91693,40.69122
3835,Knickerbocker Ave & Hancock St,-73.90974,40.69385
3832,Central Ave & Weirfield St,-73.91181,40.69055
3830,Halsey St & Evergreen Ave,-73.91227,40.68858
3866,Wilson Ave & Moffat St,-73.90506,40.68906
3814,E 56 St & Madison Ave,-73.972628,40.761573
3871,Bushwick Ave & Furman Ave,-73.90623,40.68281
3893,Rockaway Ave & Bainbridge St,-73.91166642308235,40.68319988172761
3246,Montague St & Clinton St,-73.99230033159256,40.694281141397326
3824,Van Sinderen Ave & Truxton St,-73.90369,40.6786
3825,Broadway & Furman Ave,-73.90756,40.68139
367,E 53 St & Lexington Ave,-73.97069431,40.75828065
3882,Norman St & Wyckoff Ave,-73.90311,40.69517
3883,Harman St & Seneca Ave,-73.91292,40.70577
3895,Cypress Ave & Palmetto St,-73.90876293182373,40.701573408737914
3878,Cypress Ave & George St,-73.90271,40.69812
3892,38 Ave & 29 St,-73.93367,40.75473
3876,Forest Ave & Summerfield St,-73.89795,40.69922
3899,Manhattan Av & Leonard St,-73.94844,40.72084
3874,Menahan St & Seneca Ave,-73.91054,40.70461
3898,E 63 St & 3 Ave,-73.9646,40.763954
3873,Madison St & Cypress Ave,-73.90742,40.70068
3900,Morgan Ave & Lombardy St,-73.93889,40.72226
3875,Stephen St & Seneca Ave,-73.9007,40.6988
3886,Menahan St & Onderdonk Ave,-73.9096,40.70553
3885,Onderdonk Ave & Gates Ave,-73.90737,40.70413
3896,Madison St & Seneca Ave,-73.90625,40.70183
3867,Somers St & Broadway,-73.90474,40.67945
3880,Willoughby Ave & Onderdonk Ave,-73.91727,40.7098
3831,Broadway & Hancock St,-73.9168,40.68663
3908,Battery Pl & Greenwich St,-74.01507,40.70463
3901,Stanhope St & Fairview Ave,-73.91116,40.70998
3887,Flushing Ave & Woodward Ave,-73.91873,40.71246
3872,Hancock St & Wyckoff Ave,-73.90674,40.6972
3903,Jefferson Ave & Evergreen Ave,-73.91458,40.68989
3859,Lorimer St & Calyer St,-73.95414,40.72795
3877,Madison St & Forest Ave,-73.90245,40.70555
3888,Woodward Ave & Harman St,-73.91092,40.70793
3907,Central Ave & Melrose St,-73.93039,40.70112
3739,Perry St & Greenwich Ave,-74.000939,40.735918
3731,W 47 St & 6 Ave,-73.98255,40.758397
3744,1 Ave & E 5 St,-73.986389,40.725864
3897,Onderdonk Ave & Dekalb Ave,-73.91497,40.70863
3902,Fairview Ave & Linden St,-73.90632,40.70694
3785,W 42 St & 6 Ave,-73.98455,40.75492
3740,W Broadway & W Houston St,-74.000472,40.726378
3884,Centre St & Seneca Ave,-73.9022,40.69969
3910,Greene Ave & Grandview Ave,-73.907856,40.709697
3909,Madison St & Woodward Ave,-73.90408,40.70408
3911,Wyckoff St & Nevins St,-73.984275,40.683426
